{"cameraMode":{"drawMode":0,"name":"Shaded","section":"Shading Mode"},"sceneLighting":false,"audioPlay":false,"sceneViewState":{"showFog":true,"showMaterialUpdate":false,"showSkybox":false,"showFlares":true,"showImageEffects":true,"showParticleSystems":true,"showVisualEffectGraphs":true,"m_FxEnabled":true},"in2DMode":false,"pivot":{"x":0.03578805923461914,"y":3.2406322956085207,"z":-17.79302978515625},"rotation":{"x":0.019330604001879693,"y":0.9780611395835877,"z":-0.17828068137168885,"w":0.10603968054056168},"size":7.451327323913574,"orthographic":false}