{"cameraMode":{"drawMode":0,"name":"Shaded","section":"Shading Mode"},"sceneLighting":true,"audioPlay":false,"sceneViewState":{"showFog":true,"showMaterialUpdate":false,"showSkybox":true,"showFlares":true,"showImageEffects":true,"showParticleSystems":true,"showVisualEffectGraphs":true,"m_FxEnabled":true},"in2DMode":false,"pivot":{"x":14.204497337341309,"y":29.573524475097658,"z":42.39500045776367},"rotation":{"x":-0.01104845479130745,"y":-0.9334317445755005,"z":-0.028851842507719995,"w":0.3574293553829193},"size":1.2093231678009034,"orthographic":false}