{"cameraMode":{"drawMode":0,"name":"Shaded","section":"Shading Mode"},"sceneLighting":false,"audioPlay":false,"sceneViewState":{"showFog":true,"showMaterialUpdate":false,"showSkybox":false,"showFlares":true,"showImageEffects":true,"showParticleSystems":true,"showVisualEffectGraphs":true,"m_FxEnabled":true},"in2DMode":false,"pivot":{"x":0.01739513874053955,"y":0.06475663185119629,"z":0.014744400978088379},"rotation":{"x":0.1283007562160492,"y":0.07222804427146912,"z":-0.00936922151595354,"w":0.9890567064285278},"size":2.5592432022094728,"orthographic":false}