{"cameraMode":{"drawMode":0,"name":"Shaded","section":"Shading Mode"},"sceneLighting":false,"audioPlay":false,"sceneViewState":{"showFog":true,"showMaterialUpdate":false,"showSkybox":false,"showFlares":true,"showImageEffects":true,"showParticleSystems":true,"showVisualEffectGraphs":true,"m_FxEnabled":true},"in2DMode":false,"pivot":{"x":0.06035708636045456,"y":0.3570420742034912,"z":-0.43953371047973635},"rotation":{"x":-0.00622601667419076,"y":0.33197158575057986,"z":0.0021908318158239128,"w":0.9432686567306519},"size":0.8304818868637085,"orthographic":true}