{"cameraMode":{"drawMode":0,"name":"Shaded","section":"Shading Mode"},"sceneLighting":false,"audioPlay":false,"sceneViewState":{"showFog":true,"showMaterialUpdate":false,"showSkybox":false,"showFlares":true,"showImageEffects":true,"showParticleSystems":true,"showVisualEffectGraphs":true,"m_FxEnabled":true},"in2DMode":false,"pivot":{"x":0.033435940742492679,"y":16.49036407470703,"z":-36.49406433105469},"rotation":{"x":-0.14202477037906648,"y":-0.005626392550766468,"z":0.0008574275998398662,"w":-0.9899138808250427},"size":4.935695648193359,"orthographic":true}