{"cameraMode":{"drawMode":0,"name":"Shaded","section":"Shading Mode"},"sceneLighting":false,"audioPlay":false,"sceneViewState":{"showFog":true,"showMaterialUpdate":false,"showSkybox":false,"showFlares":true,"showImageEffects":true,"showParticleSystems":true,"showVisualEffectGraphs":true,"m_FxEnabled":true},"in2DMode":false,"pivot":{"x":-32.497528076171878,"y":-29.738677978515626,"z":-64.54815673828125},"rotation":{"x":0.036633141338825229,"y":0.8210756182670593,"z":-0.053032971918582919,"w":0.5671687722206116},"size":3.079225778579712,"orthographic":true}