{"cameraMode":{"drawMode":0,"name":"Shaded","section":"Shading Mode"},"sceneLighting":false,"audioPlay":false,"sceneViewState":{"showFog":true,"showMaterialUpdate":false,"showSkybox":false,"showFlares":true,"showImageEffects":true,"showParticleSystems":true,"showVisualEffectGraphs":true,"m_FxEnabled":true},"in2DMode":false,"pivot":{"x":30.466949462890626,"y":-1.5299999713897706,"z":-8.809120178222657},"rotation":{"x":-0.0030611278489232065,"y":-0.3740801513195038,"z":-0.0012341758701950312,"w":0.9273983836174011},"size":2.1424288749694826,"orthographic":true}