{"cameraMode":{"drawMode":0,"name":"Shaded","section":"Shading Mode"},"sceneLighting":false,"audioPlay":false,"sceneViewState":{"showFog":true,"showMaterialUpdate":false,"showSkybox":false,"showFlares":true,"showImageEffects":true,"showParticleSystems":true,"showVisualEffectGraphs":true,"m_FxEnabled":true},"in2DMode":false,"pivot":{"x":0.0000010356307029724122,"y":0.12200013548135758,"z":0.803001344203949},"rotation":{"x":0.08029327541589737,"y":0.23892326653003694,"z":-0.019828442484140397,"w":0.967512845993042},"size":5.248643398284912,"orthographic":true}